seq,HOTA(0),LocA(0),HOTALocA(0),HOTA___5,HOTA___10,HOTA___15,HOTA___20,HOTA___25,HOTA___30,HOTA___35,HOTA___40,HOTA___45,HOTA___50,HOTA___55,HOTA___60,HOTA___65,HOTA___70,HOTA___75,HOTA___80,HOTA___85,HOTA___90,HOTA___95,HOTA___AUC,DetA___5,DetA___10,DetA___15,DetA___20,DetA___25,DetA___30,DetA___35,DetA___40,DetA___45,DetA___50,DetA___55,DetA___60,DetA___65,DetA___70,DetA___75,DetA___80,DetA___85,DetA___90,DetA___95,DetA___AUC,AssA___5,AssA___10,AssA___15,AssA___20,AssA___25,AssA___30,AssA___35,AssA___40,AssA___45,AssA___50,AssA___55,AssA___60,AssA___65,AssA___70,AssA___75,AssA___80,AssA___85,AssA___90,AssA___95,AssA___AUC,DetRe___5,DetRe___10,DetRe___15,DetRe___20,DetRe___25,DetRe___30,DetRe___35,DetRe___40,DetRe___45,DetRe___50,DetRe___55,DetRe___60,DetRe___65,DetRe___70,DetRe___75,DetRe___80,DetRe___85,DetRe___90,DetRe___95,DetRe___AUC,DetPr___5,DetPr___10,DetPr___15,DetPr___20,DetPr___25,DetPr___30,DetPr___35,DetPr___40,DetPr___45,DetPr___50,DetPr___55,DetPr___60,DetPr___65,DetPr___70,DetPr___75,DetPr___80,DetPr___85,DetPr___90,DetPr___95,DetPr___AUC,AssRe___5,AssRe___10,AssRe___15,AssRe___20,AssRe___25,AssRe___30,AssRe___35,AssRe___40,AssRe___45,AssRe___50,AssRe___55,AssRe___60,AssRe___65,AssRe___70,AssRe___75,AssRe___80,AssRe___85,AssRe___90,AssRe___95,AssRe___AUC,AssPr___5,AssPr___10,AssPr___15,AssPr___20,AssPr___25,AssPr___30,AssPr___35,AssPr___40,AssPr___45,AssPr___50,AssPr___55,AssPr___60,AssPr___65,AssPr___70,AssPr___75,AssPr___80,AssPr___85,AssPr___90,AssPr___95,AssPr___AUC,LocA___5,LocA___10,LocA___15,LocA___20,LocA___25,LocA___30,LocA___35,LocA___40,LocA___45,LocA___50,LocA___55,LocA___60,LocA___65,LocA___70,LocA___75,LocA___80,LocA___85,LocA___90,LocA___95,LocA___AUC,OWTA___5,OWTA___10,OWTA___15,OWTA___20,OWTA___25,OWTA___30,OWTA___35,OWTA___40,OWTA___45,OWTA___50,OWTA___55,OWTA___60,OWTA___65,OWTA___70,OWTA___75,OWTA___80,OWTA___85,OWTA___90,OWTA___95,OWTA___AUC,HOTA_TP___5,HOTA_TP___10,HOTA_TP___15,HOTA_TP___20,HOTA_TP___25,HOTA_TP___30,HOTA_TP___35,HOTA_TP___40,HOTA_TP___45,HOTA_TP___50,HOTA_TP___55,HOTA_TP___60,HOTA_TP___65,HOTA_TP___70,HOTA_TP___75,HOTA_TP___80,HOTA_TP___85,HOTA_TP___90,HOTA_TP___95,HOTA_TP___AUC,HOTA_FN___5,HOTA_FN___10,HOTA_FN___15,HOTA_FN___20,HOTA_FN___25,HOTA_FN___30,HOTA_FN___35,HOTA_FN___40,HOTA_FN___45,HOTA_FN___50,HOTA_FN___55,HOTA_FN___60,HOTA_FN___65,HOTA_FN___70,HOTA_FN___75,HOTA_FN___80,HOTA_FN___85,HOTA_FN___90,HOTA_FN___95,HOTA_FN___AUC,HOTA_FP___5,HOTA_FP___10,HOTA_FP___15,HOTA_FP___20,HOTA_FP___25,HOTA_FP___30,HOTA_FP___35,HOTA_FP___40,HOTA_FP___45,HOTA_FP___50,HOTA_FP___55,HOTA_FP___60,HOTA_FP___65,HOTA_FP___70,HOTA_FP___75,HOTA_FP___80,HOTA_FP___85,HOTA_FP___90,HOTA_FP___95,HOTA_FP___AUC,MOTA,MOTP,MODA,CLR_Re,CLR_Pr,MTR,PTR,MLR,sMOTA,CLR_F1,FP_per_frame,MOTAL,MOTP_sum,CLR_TP,CLR_FN,CLR_FP,IDSW,MT,PT,ML,Frag,CLR_Frames,IDF1,IDR,IDP,IDTP,IDFN,IDFP,Dets,GT_Dets,IDs,GT_IDs
mot_center_descend,0.008094048852977202,0.06245694792799925,0.0005055295877370792,0.008094048852977202,0.0,0.0,0.0,0.0,0.0,0.0,0.0,0.0,0.0,0.0,0.0,0.0,0.0,0.0,0.0,0.0,0.0,0.0,0.00042600257120932645,0.006289308176100629,0.0,0.0,0.0,0.0,0.0,0.0,0.0,0.0,0.0,0.0,0.0,0.0,0.0,0.0,0.0,0.0,0.0,0.0,0.00033101621979476995,0.010416666666666666,0.0,0.0,0.0,0.0,0.0,0.0,0.0,0.0,0.0,0.0,0.0,0.0,0.0,0.0,0.0,0.0,0.0,0.0,0.0005482456140350877,0.010416666666666666,0.0,0.0,0.0,0.0,0.0,0.0,0.0,0.0,0.0,0.0,0.0,0.0,0.0,0.0,0.0,0.0,0.0,0.0,0.0005482456140350877,0.015625,0.0,0.0,0.0,0.0,0.0,0.0,0.0,0.0,0.0,0.0,0.0,0.0,0.0,0.0,0.0,0.0,0.0,0.0,0.0008223684210526315,0.010416666666666666,0.0,0.0,0.0,0.0,0.0,0.0,0.0,0.0,0.0,0.0,0.0,0.0,0.0,0.0,0.0,0.0,0.0,0.0,0.0005482456140350877,1.0,0.0,0.0,0.0,0.0,0.0,0.0,0.0,0.0,0.0,0.0,0.0,0.0,0.0,0.0,0.0,0.0,0.0,0.0,0.05263157894736842,0.06245694792799925,1.0,1.0,1.0,1.0,1.0,1.0,1.0,1.0,1.0,1.0,1.0,1.0,1.0,1.0,1.0,1.0,1.0,1.0,0.9506556288383157,0.010416666666666666,0.0,0.0,0.0,0.0,0.0,0.0,0.0,0.0,0.0,0.0,0.0,0.0,0.0,0.0,0.0,0.0,0.0,0.0,0.0005482456140350877,3.0,0.0,0.0,0.0,0.0,0.0,0.0,0.0,0.0,0.0,0.0,0.0,0.0,0.0,0.0,0.0,0.0,0.0,0.0,0.15789473684210525,285.0,288.0,288.0,288.0,288.0,288.0,288.0,288.0,288.0,288.0,288.0,288.0,288.0,288.0,288.0,288.0,288.0,288.0,288.0,287.8421052631579,189.0,192.0,192.0,192.0,192.0,192.0,192.0,192.0,192.0,192.0,192.0,192.0,192.0,192.0,192.0,192.0,192.0,192.0,192.0,191.8421052631579,-0.6666666666666666,0.0,-0.6666666666666666,0.0,0.0,0.0,0.0,1.0,-0.6666666666666666,0.0,0.6666666666666666,-0.6666666666666666,0,0,288,192,0,0,0,1,0.0,288,0.0,0.0,0.0,0,288,192,192,288,5,1
mot_center_forward_2,0.22629392095859138,0.06928641199493468,0.015679093839486145,0.22629392095859138,0.014862533074003212,0.0,0.0,0.0,0.0,0.0,0.0,0.0,0.0,0.0,0.0,0.0,0.0,0.0,0.0,0.0,0.0,0.0,0.012692444949083925,0.2202797202797203,0.014534883720930232,0.0,0.0,0.0,0.0,0.0,0.0,0.0,0.0,0.0,0.0,0.0,0.0,0.0,0.0,0.0,0.0,0.0,0.012358663368455291,0.23247232472324722,0.01519756838905775,0.0,0.0,0.0,0.0,0.0,0.0,0.0,0.0,0.0,0.0,0.0,0.0,0.0,0.0,0.0,0.0,0.0,0.013035257532226577,0.23863636363636365,0.01893939393939394,0.0,0.0,0.0,0.0,0.0,0.0,0.0,0.0,0.0,0.0,0.0,0.0,0.0,0.0,0.0,0.0,0.0,0.013556618819776715,0.7411764705882353,0.058823529411764705,0.0,0.0,0.0,0.0,0.0,0.0,0.0,0.0,0.0,0.0,0.0,0.0,0.0,0.0,0.0,0.0,0.0,0.042105263157894736,0.23863636363636365,0.01893939393939394,0.0,0.0,0.0,0.0,0.0,0.0,0.0,0.0,0.0,0.0,0.0,0.0,0.0,0.0,0.0,0.0,0.0,0.013556618819776715,0.9,0.07142857142857142,0.0,0.0,0.0,0.0,0.0,0.0,0.0,0.0,0.0,0.0,0.0,0.0,0.0,0.0,0.0,0.0,0.0,0.05112781954887218,0.06928641199493468,0.11228090852572012,1.0,1.0,1.0,1.0,1.0,1.0,1.0,1.0,1.0,1.0,1.0,1.0,1.0,1.0,1.0,1.0,1.0,0.9042930168695082,0.23553418057268807,0.01696563392983726,0.0,0.0,0.0,0.0,0.0,0.0,0.0,0.0,0.0,0.0,0.0,0.0,0.0,0.0,0.0,0.0,0.0,0.013289463921185544,63.0,5.0,0.0,0.0,0.0,0.0,0.0,0.0,0.0,0.0,0.0,0.0,0.0,0.0,0.0,0.0,0.0,0.0,0.0,3.5789473684210527,201.0,259.0,264.0,264.0,264.0,264.0,264.0,264.0,264.0,264.0,264.0,264.0,264.0,264.0,264.0,264.0,264.0,264.0,264.0,260.42105263157896,22.0,80.0,85.0,85.0,85.0,85.0,85.0,85.0,85.0,85.0,85.0,85.0,85.0,85.0,85.0,85.0,85.0,85.0,85.0,81.42105263157895,-0.32196969696969696,0.0,-0.32196969696969696,0.0,0.0,0.0,0.0,1.0,-0.32196969696969696,0.0,0.32196969696969696,-0.32196969696969696,0,0,264,85,0,0,0,1,0.0,264,0.0,0.0,0.0,0,264,85,85,264,2,1
mot_center_yaw,0.0,1.0,0.0,0.0,0.0,0.0,0.0,0.0,0.0,0.0,0.0,0.0,0.0,0.0,0.0,0.0,0.0,0.0,0.0,0.0,0.0,0.0,0.0,0.0,0.0,0.0,0.0,0.0,0.0,0.0,0.0,0.0,0.0,0.0,0.0,0.0,0.0,0.0,0.0,0.0,0.0,0.0,0.0,0.0,0.0,0.0,0.0,0.0,0.0,0.0,0.0,0.0,0.0,0.0,0.0,0.0,0.0,0.0,0.0,0.0,0.0,0.0,0.0,0.0,0.0,0.0,0.0,0.0,0.0,0.0,0.0,0.0,0.0,0.0,0.0,0.0,0.0,0.0,0.0,0.0,0.0,0.0,0.0,0.0,0.0,0.0,0.0,0.0,0.0,0.0,0.0,0.0,0.0,0.0,0.0,0.0,0.0,0.0,0.0,0.0,0.0,0.0,0.0,0.0,0.0,0.0,0.0,0.0,0.0,0.0,0.0,0.0,0.0,0.0,0.0,0.0,0.0,0.0,0.0,0.0,0.0,0.0,0.0,0.0,0.0,0.0,0.0,0.0,0.0,0.0,0.0,0.0,0.0,0.0,0.0,0.0,0.0,0.0,0.0,0.0,0.0,0.0,0.0,1.0,1.0,1.0,1.0,1.0,1.0,1.0,1.0,1.0,1.0,1.0,1.0,1.0,1.0,1.0,1.0,1.0,1.0,1.0,1.0,0.0,0.0,0.0,0.0,0.0,0.0,0.0,0.0,0.0,0.0,0.0,0.0,0.0,0.0,0.0,0.0,0.0,0.0,0.0,0.0,0.0,0.0,0.0,0.0,0.0,0.0,0.0,0.0,0.0,0.0,0.0,0.0,0.0,0.0,0.0,0.0,0.0,0.0,0.0,0.0,93.0,93.0,93.0,93.0,93.0,93.0,93.0,93.0,93.0,93.0,93.0,93.0,93.0,93.0,93.0,93.0,93.0,93.0,93.0,93.0,11.0,11.0,11.0,11.0,11.0,11.0,11.0,11.0,11.0,11.0,11.0,11.0,11.0,11.0,11.0,11.0,11.0,11.0,11.0,11.0,-0.11827956989247312,0.0,-0.11827956989247312,0.0,0.0,0.0,0.0,1.0,-0.11827956989247312,0.0,0.10377358490566038,-0.11827956989247312,0,0,93,11,0,0,0,1,0.0,106,0.0,0.0,0.0,0,93,11,11,93,1,1
mot_east_forward,0.0,1.0,0.0,0.0,0.0,0.0,0.0,0.0,0.0,0.0,0.0,0.0,0.0,0.0,0.0,0.0,0.0,0.0,0.0,0.0,0.0,0.0,0.0,0.0,0.0,0.0,0.0,0.0,0.0,0.0,0.0,0.0,0.0,0.0,0.0,0.0,0.0,0.0,0.0,0.0,0.0,0.0,0.0,0.0,0.0,0.0,0.0,0.0,0.0,0.0,0.0,0.0,0.0,0.0,0.0,0.0,0.0,0.0,0.0,0.0,0.0,0.0,0.0,0.0,0.0,0.0,0.0,0.0,0.0,0.0,0.0,0.0,0.0,0.0,0.0,0.0,0.0,0.0,0.0,0.0,0.0,0.0,0.0,0.0,0.0,0.0,0.0,0.0,0.0,0.0,0.0,0.0,0.0,0.0,0.0,0.0,0.0,0.0,0.0,0.0,0.0,0.0,0.0,0.0,0.0,0.0,0.0,0.0,0.0,0.0,0.0,0.0,0.0,0.0,0.0,0.0,0.0,0.0,0.0,0.0,0.0,0.0,0.0,0.0,0.0,0.0,0.0,0.0,0.0,0.0,0.0,0.0,0.0,0.0,0.0,0.0,0.0,0.0,0.0,0.0,0.0,0.0,0.0,1.0,1.0,1.0,1.0,1.0,1.0,1.0,1.0,1.0,1.0,1.0,1.0,1.0,1.0,1.0,1.0,1.0,1.0,1.0,1.0,0.0,0.0,0.0,0.0,0.0,0.0,0.0,0.0,0.0,0.0,0.0,0.0,0.0,0.0,0.0,0.0,0.0,0.0,0.0,0.0,0.0,0.0,0.0,0.0,0.0,0.0,0.0,0.0,0.0,0.0,0.0,0.0,0.0,0.0,0.0,0.0,0.0,0.0,0.0,0.0,225.0,225.0,225.0,225.0,225.0,225.0,225.0,225.0,225.0,225.0,225.0,225.0,225.0,225.0,225.0,225.0,225.0,225.0,225.0,225.0,13.0,13.0,13.0,13.0,13.0,13.0,13.0,13.0,13.0,13.0,13.0,13.0,13.0,13.0,13.0,13.0,13.0,13.0,13.0,13.0,-0.057777777777777775,0.0,-0.057777777777777775,0.0,0.0,0.0,0.0,1.0,-0.057777777777777775,0.0,0.05371900826446281,-0.057777777777777775,0,0,225,13,0,0,0,1,0.0,242,0.0,0.0,0.0,0,225,13,13,225,1,1
mot_north_forward,0.07852525998062737,0.5409626262114224,0.04247923086305489,0.07852525998062737,0.0631794090894848,0.0631794090894848,0.0631794090894848,0.0631794090894848,0.0631794090894848,0.0631794090894848,0.0631794090894848,0.0631794090894848,0.0631794090894848,0.0631794090894848,0.0631794090894848,0.058729255063766236,0.048444316264328616,0.039830109263616444,0.03146831635271079,0.026550537124993397,0.0,0.0,0.05150112073865135,0.09566787003610108,0.06118881118881119,0.06118881118881119,0.06118881118881119,0.06118881118881119,0.06118881118881119,0.06118881118881119,0.06118881118881119,0.06118881118881119,0.06118881118881119,0.06118881118881119,0.06118881118881119,0.05749128919860627,0.04835924006908463,0.039383561643835614,0.0288135593220339,0.018456375838926176,0.0,0.0,0.05059204311502689,0.06445441351101729,0.06523476523476524,0.06523476523476524,0.06523476523476524,0.06523476523476524,0.06523476523476524,0.06523476523476524,0.06523476523476524,0.06523476523476524,0.06523476523476524,0.06523476523476524,0.06523476523476524,0.059993878175696354,0.04852954213022472,0.040281720030771684,0.034367671241401665,0.03819444444444445,0.0,0.0,0.05281074142715651,0.1853146853146853,0.12237762237762238,0.12237762237762238,0.12237762237762238,0.12237762237762238,0.12237762237762238,0.12237762237762238,0.12237762237762238,0.12237762237762238,0.12237762237762238,0.12237762237762238,0.12237762237762238,0.11538461538461539,0.0979020979020979,0.08041958041958042,0.05944055944055944,0.038461538461538464,0.0,0.0,0.10121457489878544,0.16510903426791276,0.10903426791277258,0.10903426791277258,0.10903426791277258,0.10903426791277258,0.10903426791277258,0.10903426791277258,0.10903426791277258,0.10903426791277258,0.10903426791277258,0.10903426791277258,0.10903426791277258,0.102803738317757,0.08722741433021806,0.07165109034267912,0.0529595015576324,0.03426791277258567,0.0,0.0,0.09017871782259386,0.06445441351101729,0.06523476523476524,0.06523476523476524,0.06523476523476524,0.06523476523476524,0.06523476523476524,0.06523476523476524,0.06523476523476524,0.06523476523476524,0.06523476523476524,0.06523476523476524,0.06523476523476524,0.06028819665183302,0.04920079920079919,0.04089388871997568,0.034759358288770054,0.038461538461538464,0.0,0.0,0.05292845328507112,1.0,1.0,1.0,1.0,1.0,1.0,1.0,1.0,1.0,1.0,1.0,1.0,0.9449035812672175,0.8295454545454545,0.7628458498023716,0.718428630193336,0.8461538461538463,0.0,0.0,0.8474672295769593,0.5409626262114224,0.7822983666377056,0.7822983666377056,0.7822983666377056,0.7822983666377056,0.7822983666377056,0.7822983666377056,0.7822983666377056,0.7822983666377056,0.7822983666377056,0.7822983666377056,0.7822983666377056,0.7909919059435073,0.8139838421732207,0.836415173442941,0.857432430906025,0.8815746570387017,1.0,1.0,0.8066654036173989,0.10929020704956492,0.0893491771970674,0.0893491771970674,0.0893491771970674,0.0893491771970674,0.0893491771970674,0.0893491771970674,0.0893491771970674,0.0893491771970674,0.0893491771970674,0.0893491771970674,0.0893491771970674,0.08320078460407808,0.06892854259867422,0.05691606999304912,0.04519771681465935,0.03832775879199166,0.0,0.0,0.07287905415893468,53.0,35.0,35.0,35.0,35.0,35.0,35.0,35.0,35.0,35.0,35.0,35.0,33.0,28.0,23.0,17.0,11.0,0.0,0.0,28.94736842105263,233.0,251.0,251.0,251.0,251.0,251.0,251.0,251.0,251.0,251.0,251.0,251.0,253.0,258.0,263.0,269.0,275.0,286.0,286.0,257.05263157894734,268.0,286.0,286.0,286.0,286.0,286.0,286.0,286.0,286.0,286.0,286.0,286.0,288.0,293.0,298.0,304.0,310.0,321.0,321.0,292.05263157894734,-0.8811188811188811,0.7822983666377056,-0.8776223776223776,0.12237762237762238,0.10903426791277258,0.0,0.0,1.0,-0.9077606893974836,0.11532125205930807,0.89937106918239,-0.8776223776223776,27.380442832319694,35,251,286,1,0,0,1,6.0,318,0.07248764415156507,0.07692307692307693,0.06853582554517133,22,264,299,321,286,8,1
mot_north_yaw,0.0,1.0,0.0,0.0,0.0,0.0,0.0,0.0,0.0,0.0,0.0,0.0,0.0,0.0,0.0,0.0,0.0,0.0,0.0,0.0,0.0,0.0,0.0,0.0,0.0,0.0,0.0,0.0,0.0,0.0,0.0,0.0,0.0,0.0,0.0,0.0,0.0,0.0,0.0,0.0,0.0,0.0,0.0,0.0,0.0,0.0,0.0,0.0,0.0,0.0,0.0,0.0,0.0,0.0,0.0,0.0,0.0,0.0,0.0,0.0,0.0,0.0,0.0,0.0,0.0,0.0,0.0,0.0,0.0,0.0,0.0,0.0,0.0,0.0,0.0,0.0,0.0,0.0,0.0,0.0,0.0,0.0,0.0,0.0,0.0,0.0,0.0,0.0,0.0,0.0,0.0,0.0,0.0,0.0,0.0,0.0,0.0,0.0,0.0,0.0,0.0,0.0,0.0,0.0,0.0,0.0,0.0,0.0,0.0,0.0,0.0,0.0,0.0,0.0,0.0,0.0,0.0,0.0,0.0,0.0,0.0,0.0,0.0,0.0,0.0,0.0,0.0,0.0,0.0,0.0,0.0,0.0,0.0,0.0,0.0,0.0,0.0,0.0,0.0,0.0,0.0,0.0,0.0,1.0,1.0,1.0,1.0,1.0,1.0,1.0,1.0,1.0,1.0,1.0,1.0,1.0,1.0,1.0,1.0,1.0,1.0,1.0,1.0,0.0,0.0,0.0,0.0,0.0,0.0,0.0,0.0,0.0,0.0,0.0,0.0,0.0,0.0,0.0,0.0,0.0,0.0,0.0,0.0,0.0,0.0,0.0,0.0,0.0,0.0,0.0,0.0,0.0,0.0,0.0,0.0,0.0,0.0,0.0,0.0,0.0,0.0,0.0,0.0,140.0,140.0,140.0,140.0,140.0,140.0,140.0,140.0,140.0,140.0,140.0,140.0,140.0,140.0,140.0,140.0,140.0,140.0,140.0,140.0,203.0,203.0,203.0,203.0,203.0,203.0,203.0,203.0,203.0,203.0,203.0,203.0,203.0,203.0,203.0,203.0,203.0,203.0,203.0,203.0,-1.45,0.0,-1.45,0.0,0.0,0.0,0.0,1.0,-1.45,0.0,1.180232558139535,-1.45,0,0,140,203,0,0,0,1,0.0,172,0.0,0.0,0.0,0,140,203,203,140,3,1
mot_northeast_forward,0.017643396214858012,0.6942957474991203,0.012249734963417993,0.017643396214858012,0.017643396214858012,0.017643396214858012,0.017643396214858012,0.017643396214858012,0.017643396214858012,0.017643396214858012,0.017643396214858012,0.017643396214858012,0.017643396214858012,0.017643396214858012,0.017643396214858012,0.014658849134720523,0.011692108443873354,0.0,0.0,0.0,0.0,0.0,0.012530090113520527,0.014423076923076924,0.014423076923076924,0.014423076923076924,0.014423076923076924,0.014423076923076924,0.014423076923076924,0.014423076923076924,0.014423076923076924,0.014423076923076924,0.014423076923076924,0.014423076923076924,0.014423076923076924,0.011990407673860911,0.009569377990430622,0.0,0.0,0.0,0.0,0.0,0.01024403730216919,0.02158273381294964,0.02158273381294964,0.02158273381294964,0.02158273381294964,0.02158273381294964,0.02158273381294964,0.02158273381294964,0.02158273381294964,0.02158273381294964,0.02158273381294964,0.02158273381294964,0.02158273381294964,0.017921146953405017,0.014285714285714285,0.0,0.0,0.0,0.0,0.0,0.01532629826286921,0.02158273381294964,0.02158273381294964,0.02158273381294964,0.02158273381294964,0.02158273381294964,0.02158273381294964,0.02158273381294964,0.02158273381294964,0.02158273381294964,0.02158273381294964,0.02158273381294964,0.02158273381294964,0.017985611510791366,0.014388489208633094,0.0,0.0,0.0,0.0,0.0,0.01533510034078001,0.041666666666666664,0.041666666666666664,0.041666666666666664,0.041666666666666664,0.041666666666666664,0.041666666666666664,0.041666666666666664,0.041666666666666664,0.041666666666666664,0.041666666666666664,0.041666666666666664,0.041666666666666664,0.034722222222222224,0.027777777777777776,0.0,0.0,0.0,0.0,0.0,0.029605263157894735,0.02158273381294964,0.02158273381294964,0.02158273381294964,0.02158273381294964,0.02158273381294964,0.02158273381294964,0.02158273381294964,0.02158273381294964,0.02158273381294964,0.02158273381294964,0.02158273381294964,0.02158273381294964,0.017985611510791366,0.014388489208633094,0.0,0.0,0.0,0.0,0.0,0.01533510034078001,1.0,1.0,1.0,1.0,1.0,1.0,1.0,1.0,1.0,1.0,1.0,1.0,0.8333333333333334,0.6666666666666666,0.0,0.0,0.0,0.0,0.0,0.7105263157894737,0.6942957474991203,0.6942957474991203,0.6942957474991203,0.6942957474991203,0.6942957474991203,0.6942957474991203,0.6942957474991203,0.6942957474991203,0.6942957474991203,0.6942957474991203,0.6942957474991203,0.6942957474991203,0.7032902121690698,0.7105781306329634,1.0,1.0,1.0,1.0,1.0,0.7760745954100777,0.02158273381294964,0.02158273381294964,0.02158273381294964,0.02158273381294964,0.02158273381294964,0.02158273381294964,0.02158273381294964,0.02158273381294964,0.02158273381294964,0.02158273381294964,0.02158273381294964,0.02158273381294964,0.017953350298251992,0.01433700965465308,0.0,0.0,0.0,0.0,0.0,0.015330692932015829,6.0,6.0,6.0,6.0,6.0,6.0,6.0,6.0,6.0,6.0,6.0,6.0,5.0,4.0,0.0,0.0,0.0,0.0,0.0,4.2631578947368425,272.0,272.0,272.0,272.0,272.0,272.0,272.0,272.0,272.0,272.0,272.0,272.0,273.0,274.0,278.0,278.0,278.0,278.0,278.0,273.7368421052632,138.0,138.0,138.0,138.0,138.0,138.0,138.0,138.0,138.0,138.0,138.0,138.0,139.0,140.0,144.0,144.0,144.0,144.0,144.0,139.73684210526315,-0.4748201438848921,0.6942957474991203,-0.4748201438848921,0.02158273381294964,0.041666666666666664,0.0,0.0,1.0,-0.4814180773921053,0.02843601895734597,0.46308724832214765,-0.4748201438848921,4.165774484994722,6,272,138,0,0,0,1,0.0,298,0.02843601895734597,0.02158273381294964,0.041666666666666664,6,272,138,144,278,3,1
mot_northwest_forward,0.05219759974856207,0.8837180526713121,0.046127961203915845,0.05219759974856207,0.05219759974856207,0.05219759974856207,0.05219759974856207,0.05219759974856207,0.05219759974856207,0.05219759974856207,0.05219759974856207,0.05219759974856207,0.05219759974856207,0.05219759974856207,0.05219759974856207,0.05219759974856207,0.05219759974856207,0.05219759974856207,0.05219759974856207,0.04311226002024692,0.008327407946205569,0.0,0.046663224418076084,0.0410958904109589,0.0410958904109589,0.0410958904109589,0.0410958904109589,0.0410958904109589,0.0410958904109589,0.0410958904109589,0.0410958904109589,0.0410958904109589,0.0410958904109589,0.0410958904109589,0.0410958904109589,0.0410958904109589,0.0410958904109589,0.0410958904109589,0.0410958904109589,0.034013605442176874,0.006622516556291391,0.0,0.03674580887230583,0.06629834254143646,0.06629834254143646,0.06629834254143646,0.06629834254143646,0.06629834254143646,0.06629834254143646,0.06629834254143646,0.06629834254143646,0.06629834254143646,0.06629834254143646,0.06629834254143646,0.06629834254143646,0.06629834254143646,0.06629834254143646,0.06629834254143646,0.06629834254143646,0.05464480874316939,0.010471204188481676,0.0,0.059257341768138655,0.06629834254143646,0.06629834254143646,0.06629834254143646,0.06629834254143646,0.06629834254143646,0.06629834254143646,0.06629834254143646,0.06629834254143646,0.06629834254143646,0.06629834254143646,0.06629834254143646,0.06629834254143646,0.06629834254143646,0.06629834254143646,0.06629834254143646,0.06629834254143646,0.055248618784530384,0.011049723756906077,0.0,0.05931956964233789,0.0975609756097561,0.0975609756097561,0.0975609756097561,0.0975609756097561,0.0975609756097561,0.0975609756097561,0.0975609756097561,0.0975609756097561,0.0975609756097561,0.0975609756097561,0.0975609756097561,0.0975609756097561,0.0975609756097561,0.0975609756097561,0.0975609756097561,0.0975609756097561,0.08130081300813008,0.016260162601626018,0.0,0.08729139922978178,0.06629834254143646,0.06629834254143646,0.06629834254143646,0.06629834254143646,0.06629834254143646,0.06629834254143646,0.06629834254143646,0.06629834254143646,0.06629834254143646,0.06629834254143646,0.06629834254143646,0.06629834254143646,0.06629834254143646,0.06629834254143646,0.06629834254143646,0.06629834254143646,0.05524861878453038,0.011049723756906077,0.0,0.05931956964233789,1.0,1.0,1.0,1.0,1.0,1.0,1.0,1.0,1.0,1.0,1.0,1.0,1.0,1.0,1.0,1.0,0.8333333333333334,0.16666666666666666,0.0,0.8947368421052632,0.8837180526713121,0.8837180526713121,0.8837180526713121,0.8837180526713121,0.8837180526713121,0.8837180526713121,0.8837180526713121,0.8837180526713121,0.8837180526713121,0.8837180526713121,0.8837180526713121,0.8837180526713121,0.8837180526713121,0.8837180526713121,0.8837180526713121,0.8837180526713121,0.8920983970376201,0.9440763783420743,1.0,0.8934559799010888,0.06629834254143646,0.06629834254143646,0.06629834254143646,0.06629834254143646,0.06629834254143646,0.06629834254143646,0.06629834254143646,0.06629834254143646,0.06629834254143646,0.06629834254143646,0.06629834254143646,0.06629834254143646,0.06629834254143646,0.06629834254143646,0.06629834254143646,0.06629834254143646,0.05494588434819244,0.010756575369739218,0.0,0.05928820738846921,12.0,12.0,12.0,12.0,12.0,12.0,12.0,12.0,12.0,12.0,12.0,12.0,12.0,12.0,12.0,12.0,10.0,2.0,0.0,10.736842105263158,169.0,169.0,169.0,169.0,169.0,169.0,169.0,169.0,169.0,169.0,169.0,169.0,169.0,169.0,169.0,169.0,171.0,179.0,181.0,170.26315789473685,111.0,111.0,111.0,111.0,111.0,111.0,111.0,111.0,111.0,111.0,111.0,111.0,111.0,111.0,111.0,111.0,113.0,121.0,123.0,112.26315789473684,-0.5469613259668509,0.8837180526713121,-0.5469613259668509,0.06629834254143646,0.0975609756097561,0.0,0.0,1.0,-0.5546706263422334,0.07894736842105263,0.5414634146341464,-0.5469613259668509,10.604616632055745,12,169,111,0,0,0,1,3.0,205,0.07894736842105263,0.06629834254143646,0.0975609756097561,12,169,111,123,181,5,1
mot_south_forward,0.0,1.0,0.0,0.0,0.0,0.0,0.0,0.0,0.0,0.0,0.0,0.0,0.0,0.0,0.0,0.0,0.0,0.0,0.0,0.0,0.0,0.0,0.0,0.0,0.0,0.0,0.0,0.0,0.0,0.0,0.0,0.0,0.0,0.0,0.0,0.0,0.0,0.0,0.0,0.0,0.0,0.0,0.0,0.0,0.0,0.0,0.0,0.0,0.0,0.0,0.0,0.0,0.0,0.0,0.0,0.0,0.0,0.0,0.0,0.0,0.0,0.0,0.0,0.0,0.0,0.0,0.0,0.0,0.0,0.0,0.0,0.0,0.0,0.0,0.0,0.0,0.0,0.0,0.0,0.0,0.0,0.0,0.0,0.0,0.0,0.0,0.0,0.0,0.0,0.0,0.0,0.0,0.0,0.0,0.0,0.0,0.0,0.0,0.0,0.0,0.0,0.0,0.0,0.0,0.0,0.0,0.0,0.0,0.0,0.0,0.0,0.0,0.0,0.0,0.0,0.0,0.0,0.0,0.0,0.0,0.0,0.0,0.0,0.0,0.0,0.0,0.0,0.0,0.0,0.0,0.0,0.0,0.0,0.0,0.0,0.0,0.0,0.0,0.0,0.0,0.0,0.0,0.0,1.0,1.0,1.0,1.0,1.0,1.0,1.0,1.0,1.0,1.0,1.0,1.0,1.0,1.0,1.0,1.0,1.0,1.0,1.0,1.0,0.0,0.0,0.0,0.0,0.0,0.0,0.0,0.0,0.0,0.0,0.0,0.0,0.0,0.0,0.0,0.0,0.0,0.0,0.0,0.0,0.0,0.0,0.0,0.0,0.0,0.0,0.0,0.0,0.0,0.0,0.0,0.0,0.0,0.0,0.0,0.0,0.0,0.0,0.0,0.0,197.0,197.0,197.0,197.0,197.0,197.0,197.0,197.0,197.0,197.0,197.0,197.0,197.0,197.0,197.0,197.0,197.0,197.0,197.0,197.0,18.0,18.0,18.0,18.0,18.0,18.0,18.0,18.0,18.0,18.0,18.0,18.0,18.0,18.0,18.0,18.0,18.0,18.0,18.0,18.0,-0.09137055837563451,0.0,-0.09137055837563451,0.0,0.0,0.0,0.0,1.0,-0.09137055837563451,0.0,0.07964601769911504,-0.09137055837563451,0,0,197,18,0,0,0,1,0.0,226,0.0,0.0,0.0,0,197,18,18,197,1,1
mot_south_yaw_2,0.0,1.0,0.0,0.0,0.0,0.0,0.0,0.0,0.0,0.0,0.0,0.0,0.0,0.0,0.0,0.0,0.0,0.0,0.0,0.0,0.0,0.0,0.0,0.0,0.0,0.0,0.0,0.0,0.0,0.0,0.0,0.0,0.0,0.0,0.0,0.0,0.0,0.0,0.0,0.0,0.0,0.0,0.0,0.0,0.0,0.0,0.0,0.0,0.0,0.0,0.0,0.0,0.0,0.0,0.0,0.0,0.0,0.0,0.0,0.0,0.0,0.0,0.0,0.0,0.0,0.0,0.0,0.0,0.0,0.0,0.0,0.0,0.0,0.0,0.0,0.0,0.0,0.0,0.0,0.0,0.0,0.0,0.0,0.0,0.0,0.0,0.0,0.0,0.0,0.0,0.0,0.0,0.0,0.0,0.0,0.0,0.0,0.0,0.0,0.0,0.0,0.0,0.0,0.0,0.0,0.0,0.0,0.0,0.0,0.0,0.0,0.0,0.0,0.0,0.0,0.0,0.0,0.0,0.0,0.0,0.0,0.0,0.0,0.0,0.0,0.0,0.0,0.0,0.0,0.0,0.0,0.0,0.0,0.0,0.0,0.0,0.0,0.0,0.0,0.0,0.0,0.0,0.0,1.0,1.0,1.0,1.0,1.0,1.0,1.0,1.0,1.0,1.0,1.0,1.0,1.0,1.0,1.0,1.0,1.0,1.0,1.0,1.0,0.0,0.0,0.0,0.0,0.0,0.0,0.0,0.0,0.0,0.0,0.0,0.0,0.0,0.0,0.0,0.0,0.0,0.0,0.0,0.0,0.0,0.0,0.0,0.0,0.0,0.0,0.0,0.0,0.0,0.0,0.0,0.0,0.0,0.0,0.0,0.0,0.0,0.0,0.0,0.0,386.0,386.0,386.0,386.0,386.0,386.0,386.0,386.0,386.0,386.0,386.0,386.0,386.0,386.0,386.0,386.0,386.0,386.0,386.0,386.0,258.0,258.0,258.0,258.0,258.0,258.0,258.0,258.0,258.0,258.0,258.0,258.0,258.0,258.0,258.0,258.0,258.0,258.0,258.0,258.0,-0.6683937823834197,0.0,-0.6683937823834197,0.0,0.0,0.0,0.0,1.0,-0.6683937823834197,0.0,0.46994535519125685,-0.6683937823834197,0,0,386,258,0,0,0,1,0.0,549,0.0,0.0,0.0,0,386,258,258,386,1,1
mot_southeast_forward,0.0,1.0,0.0,0.0,0.0,0.0,0.0,0.0,0.0,0.0,0.0,0.0,0.0,0.0,0.0,0.0,0.0,0.0,0.0,0.0,0.0,0.0,0.0,0.0,0.0,0.0,0.0,0.0,0.0,0.0,0.0,0.0,0.0,0.0,0.0,0.0,0.0,0.0,0.0,0.0,0.0,0.0,0.0,0.0,0.0,0.0,0.0,0.0,0.0,0.0,0.0,0.0,0.0,0.0,0.0,0.0,0.0,0.0,0.0,0.0,0.0,0.0,0.0,0.0,0.0,0.0,0.0,0.0,0.0,0.0,0.0,0.0,0.0,0.0,0.0,0.0,0.0,0.0,0.0,0.0,0.0,0.0,0.0,0.0,0.0,0.0,0.0,0.0,0.0,0.0,0.0,0.0,0.0,0.0,0.0,0.0,0.0,0.0,0.0,0.0,0.0,0.0,0.0,0.0,0.0,0.0,0.0,0.0,0.0,0.0,0.0,0.0,0.0,0.0,0.0,0.0,0.0,0.0,0.0,0.0,0.0,0.0,0.0,0.0,0.0,0.0,0.0,0.0,0.0,0.0,0.0,0.0,0.0,0.0,0.0,0.0,0.0,0.0,0.0,0.0,0.0,0.0,0.0,1.0,1.0,1.0,1.0,1.0,1.0,1.0,1.0,1.0,1.0,1.0,1.0,1.0,1.0,1.0,1.0,1.0,1.0,1.0,1.0,0.0,0.0,0.0,0.0,0.0,0.0,0.0,0.0,0.0,0.0,0.0,0.0,0.0,0.0,0.0,0.0,0.0,0.0,0.0,0.0,0.0,0.0,0.0,0.0,0.0,0.0,0.0,0.0,0.0,0.0,0.0,0.0,0.0,0.0,0.0,0.0,0.0,0.0,0.0,0.0,261.0,261.0,261.0,261.0,261.0,261.0,261.0,261.0,261.0,261.0,261.0,261.0,261.0,261.0,261.0,261.0,261.0,261.0,261.0,261.0,26.0,26.0,26.0,26.0,26.0,26.0,26.0,26.0,26.0,26.0,26.0,26.0,26.0,26.0,26.0,26.0,26.0,26.0,26.0,26.0,-0.09961685823754789,0.0,-0.09961685823754789,0.0,0.0,0.0,0.0,1.0,-0.09961685823754789,0.0,0.09961685823754789,-0.09961685823754789,0,0,261,26,0,0,0,1,0.0,261,0.0,0.0,0.0,0,261,26,26,261,1,1
mot_southeast_yawascend_2,0.2422817864382915,0.4065998429582568,0.09851173631745525,0.2422817864382915,0.13377480923591104,0.13300397918683549,0.13300397918683549,0.13300397918683549,0.13300397918683549,0.13300397918683549,0.13300397918683549,0.13300397918683549,0.13300397918683549,0.13300397918683549,0.13300397918683549,0.13300397918683549,0.13300397918683549,0.13300397918683549,0.13300397918683549,0.08382588280018179,0.03304894869294238,0.0,0.12394669135700123,0.329153605015674,0.1246684350132626,0.11578947368421053,0.11578947368421053,0.11578947368421053,0.11578947368421053,0.11578947368421053,0.11578947368421053,0.11578947368421053,0.11578947368421053,0.11578947368421053,0.11578947368421053,0.11578947368421053,0.11578947368421053,0.11578947368421053,0.11578947368421053,0.07341772151898734,0.02912621359223301,0.0,0.1146009793010055,0.17833760027308418,0.14354635625449688,0.1527777777777778,0.1527777777777778,0.1527777777777778,0.1527777777777778,0.1527777777777778,0.1527777777777778,0.1527777777777778,0.1527777777777778,0.1527777777777778,0.1527777777777778,0.1527777777777778,0.1527777777777778,0.1527777777777778,0.1527777777777778,0.09570957095709573,0.0375,0.0,0.13652539033545083,0.3684210526315789,0.1649122807017544,0.1543859649122807,0.1543859649122807,0.1543859649122807,0.1543859649122807,0.1543859649122807,0.1543859649122807,0.1543859649122807,0.1543859649122807,0.1543859649122807,0.1543859649122807,0.1543859649122807,0.1543859649122807,0.1543859649122807,0.1543859649122807,0.10175438596491228,0.042105263157894736,0.0,0.1493998153277932,0.7553956834532374,0.3381294964028777,0.31654676258992803,0.31654676258992803,0.31654676258992803,0.31654676258992803,0.31654676258992803,0.31654676258992803,0.31654676258992803,0.31654676258992803,0.31654676258992803,0.31654676258992803,0.31654676258992803,0.31654676258992803,0.31654676258992803,0.31654676258992803,0.20863309352517986,0.08633093525179857,0.0,0.3063233623627413,0.1890392648287385,0.14520343411720793,0.1543859649122807,0.1543859649122807,0.1543859649122807,0.1543859649122807,0.1543859649122807,0.1543859649122807,0.1543859649122807,0.1543859649122807,0.1543859649122807,0.1543859649122807,0.1543859649122807,0.1543859649122807,0.1543859649122807,0.1543859649122807,0.10175438596491228,0.042105263157894736,0.0,0.13892136088635176,0.80437077354445,0.8786412877551664,0.9361702127659574,0.9361702127659574,0.9361702127659574,0.9361702127659574,0.9361702127659574,0.9361702127659574,0.9361702127659574,0.9361702127659574,0.9361702127659574,0.9361702127659574,0.9361702127659574,0.9361702127659574,0.9361702127659574,0.9361702127659574,0.6170212765957447,0.2553191489361702,0.0,0.8243018666081545,0.4065998429582568,0.8200996345071477,0.8687542410080862,0.8687542410080862,0.8687542410080862,0.8687542410080862,0.8687542410080862,0.8687542410080862,0.8687542410080862,0.8687542410080862,0.8687542410080862,0.8687542410080862,0.8687542410080862,0.8687542410080862,0.8687542410080862,0.8687542410080862,0.889443255627004,0.912449889474949,1.0,0.8521658945621349,0.2563266010705862,0.15385888663433006,0.1535797663736217,0.1535797663736217,0.1535797663736217,0.1535797663736217,0.1535797663736217,0.1535797663736217,0.1535797663736217,0.1535797663736217,0.1535797663736217,0.1535797663736217,0.1535797663736217,0.1535797663736217,0.1535797663736217,0.1535797663736217,0.09868570627859173,0.03973597071195131,0.0,0.14203809968032435,105.0,47.0,44.0,44.0,44.0,44.0,44.0,44.0,44.0,44.0,44.0,44.0,44.0,44.0,44.0,44.0,29.0,12.0,0.0,42.578947368421055,180.0,238.0,241.0,241.0,241.0,241.0,241.0,241.0,241.0,241.0,241.0,241.0,241.0,241.0,241.0,241.0,256.0,273.0,285.0,242.42105263157896,34.0,92.0,95.0,95.0,95.0,95.0,95.0,95.0,95.0,95.0,95.0,95.0,95.0,95.0,95.0,95.0,110.0,127.0,139.0,96.42105263157895,-0.17894736842105263,0.8687542410080862,-0.17894736842105263,0.1543859649122807,0.31654676258992803,0.0,0.0,1.0,-0.1992098715636639,0.20754716981132076,0.1970954356846473,-0.17894736842105263,38.22518660435579,44,241,95,0,0,0,1,0.0,482,0.20754716981132076,0.1543859649122807,0.31654676258992803,44,241,95,139,285,4,1
mot_southwest_forward,0.0,1.0,0.0,0.0,0.0,0.0,0.0,0.0,0.0,0.0,0.0,0.0,0.0,0.0,0.0,0.0,0.0,0.0,0.0,0.0,0.0,0.0,0.0,0.0,0.0,0.0,0.0,0.0,0.0,0.0,0.0,0.0,0.0,0.0,0.0,0.0,0.0,0.0,0.0,0.0,0.0,0.0,0.0,0.0,0.0,0.0,0.0,0.0,0.0,0.0,0.0,0.0,0.0,0.0,0.0,0.0,0.0,0.0,0.0,0.0,0.0,0.0,0.0,0.0,0.0,0.0,0.0,0.0,0.0,0.0,0.0,0.0,0.0,0.0,0.0,0.0,0.0,0.0,0.0,0.0,0.0,0.0,0.0,0.0,0.0,0.0,0.0,0.0,0.0,0.0,0.0,0.0,0.0,0.0,0.0,0.0,0.0,0.0,0.0,0.0,0.0,0.0,0.0,0.0,0.0,0.0,0.0,0.0,0.0,0.0,0.0,0.0,0.0,0.0,0.0,0.0,0.0,0.0,0.0,0.0,0.0,0.0,0.0,0.0,0.0,0.0,0.0,0.0,0.0,0.0,0.0,0.0,0.0,0.0,0.0,0.0,0.0,0.0,0.0,0.0,0.0,0.0,0.0,1.0,1.0,1.0,1.0,1.0,1.0,1.0,1.0,1.0,1.0,1.0,1.0,1.0,1.0,1.0,1.0,1.0,1.0,1.0,1.0,0.0,0.0,0.0,0.0,0.0,0.0,0.0,0.0,0.0,0.0,0.0,0.0,0.0,0.0,0.0,0.0,0.0,0.0,0.0,0.0,0.0,0.0,0.0,0.0,0.0,0.0,0.0,0.0,0.0,0.0,0.0,0.0,0.0,0.0,0.0,0.0,0.0,0.0,0.0,0.0,204.0,204.0,204.0,204.0,204.0,204.0,204.0,204.0,204.0,204.0,204.0,204.0,204.0,204.0,204.0,204.0,204.0,204.0,204.0,204.0,101.0,101.0,101.0,101.0,101.0,101.0,101.0,101.0,101.0,101.0,101.0,101.0,101.0,101.0,101.0,101.0,101.0,101.0,101.0,101.0,-0.4950980392156863,0.0,-0.4950980392156863,0.0,0.0,0.0,0.0,1.0,-0.4950980392156863,0.0,0.44493392070484583,-0.4950980392156863,0,0,204,101,0,0,0,1,0.0,227,0.0,0.0,0.0,0,204,101,101,204,2,1
mot_southwest_yawascend_2,0.3713855468940922,0.19236587516004125,0.07144190575007259,0.3713855468940922,0.24014144307353708,0.23812773863977357,0.23812773863977357,0.05634576352806573,0.053969116576768436,0.04690351945945345,0.04224601186046113,0.03533765739953713,0.030783211105271973,0.010778766222654942,0.0,0.0,0.0,0.0,0.0,0.0,0.0,0.0,0.07179718491575733,0.5112994350282486,0.21867881548974943,0.20224719101123595,0.20224719101123595,0.049019607843137254,0.046966731898238745,0.04085603112840467,0.03682170542635659,0.030828516377649325,0.026871401151631478,0.009433962264150943,0.0,0.0,0.0,0.0,0.0,0.0,0.0,0.0,0.07238266255947572,0.26975821796909216,0.26371055903283885,0.2803738317757009,0.2803738317757009,0.06476683937823834,0.06201550387596899,0.05384615384615384,0.04846938775510204,0.04050632911392405,0.03526448362720403,0.012315270935960592,0.0,0.0,0.0,0.0,0.0,0.0,0.0,0.0,0.07428423205715183,0.5638629283489096,0.29906542056074764,0.2803738317757009,0.2803738317757009,0.0778816199376947,0.07476635514018691,0.06542056074766354,0.059190031152647975,0.04984423676012461,0.04361370716510903,0.01557632398753894,0.0,0.0,0.0,0.0,0.0,0.0,0.0,0.0,0.09526151828168551,0.8457943925233645,0.4485981308411215,0.4205607476635514,0.4205607476635514,0.11682242990654206,0.11214953271028037,0.09813084112149532,0.08878504672897196,0.07476635514018691,0.06542056074766354,0.02336448598130841,0.0,0.0,0.0,0.0,0.0,0.0,0.0,0.0,0.14289227742252827,0.2819400698783153,0.26401869158878505,0.2803738317757009,0.2803738317757009,0.0778816199376947,0.07476635514018691,0.06542056074766354,0.059190031152647975,0.04984423676012461,0.04361370716510903,0.015576323987538939,0.0,0.0,0.0,0.0,0.0,0.0,0.0,0.0,0.07857890841628778,0.8753481576183736,0.940599173553719,1.0,1.0,0.2777777777777778,0.26666666666666666,0.23333333333333334,0.2111111111111111,0.17777777777777778,0.15555555555555559,0.05555555555555556,0.0,0.0,0.0,0.0,0.0,0.0,0.0,0.0,0.2733539531026247,0.19236587516004125,0.288921530541793,0.2998431554441235,0.2998431554441235,0.47211180143395814,0.48131461806402415,0.5039861042091158,0.5182800738202126,0.5352836849036209,0.5438113977501919,0.5553619700633073,1.0,1.0,1.0,1.0,1.0,1.0,1.0,1.0,0.6679538614123427,0.3900085367402049,0.280832172735721,0.2803738317757009,0.2803738317757009,0.07102215407196319,0.06809312143666447,0.05935187931919548,0.05356215614754753,0.04493336242301436,0.03921753258742394,0.01385014982203601,0.0,0.0,0.0,0.0,0.0,0.0,0.0,0.0,0.08324309099132489,181.0,96.0,90.0,90.0,25.0,24.0,21.0,19.0,16.0,14.0,5.0,0.0,0.0,0.0,0.0,0.0,0.0,0.0,0.0,30.57894736842105,140.0,225.0,231.0,231.0,296.0,297.0,300.0,302.0,305.0,307.0,316.0,321.0,321.0,321.0,321.0,321.0,321.0,321.0,321.0,290.42105263157896,33.0,118.0,124.0,124.0,189.0,190.0,193.0,195.0,198.0,200.0,209.0,214.0,214.0,214.0,214.0,214.0,214.0,214.0,214.0,183.42105263157896,-0.5794392523364486,0.5438113977501919,-0.5794392523364486,0.04361370716510903,0.06542056074766354,0.0,0.0,1.0,-0.5993353284470321,0.052336448598130844,0.4149377593360996,-0.5794392523364486,7.613359568502688,14,307,200,0,0,0,1,0.0,482,0.052336448598130844,0.04361370716510903,0.06542056074766354,14,307,200,214,321,4,1
mot_west_forward,0.08378044547352477,0.1185001638663727,0.009927996517410389,0.08378044547352477,0.05771632558400802,0.004567924732183544,0.0,0.0,0.0,0.0,0.0,0.0,0.0,0.0,0.0,0.0,0.0,0.0,0.0,0.0,0.0,0.0,0.007687615567879806,0.08133971291866028,0.056074766355140186,0.0044444444444444444,0.0,0.0,0.0,0.0,0.0,0.0,0.0,0.0,0.0,0.0,0.0,0.0,0.0,0.0,0.0,0.0,0.0074662591430655215,0.08629441624365482,0.0594059405940594,0.004694835680751174,0.0,0.0,0.0,0.0,0.0,0.0,0.0,0.0,0.0,0.0,0.0,0.0,0.0,0.0,0.0,0.0,0.007915536448340284,0.08629441624365482,0.06091370558375635,0.005076142131979695,0.0,0.0,0.0,0.0,0.0,0.0,0.0,0.0,0.0,0.0,0.0,0.0,0.0,0.0,0.0,0.0,0.00801496126102057,0.5862068965517241,0.41379310344827586,0.034482758620689655,0.0,0.0,0.0,0.0,0.0,0.0,0.0,0.0,0.0,0.0,0.0,0.0,0.0,0.0,0.0,0.0,0.054446460980036304,0.08629441624365482,0.06091370558375634,0.005076142131979695,0.0,0.0,0.0,0.0,0.0,0.0,0.0,0.0,0.0,0.0,0.0,0.0,0.0,0.0,0.0,0.0,0.00801496126102057,1.0,0.7058823529411765,0.058823529411764705,0.0,0.0,0.0,0.0,0.0,0.0,0.0,0.0,0.0,0.0,0.0,0.0,0.0,0.0,0.0,0.0,0.09287925696594428,0.1185001638663727,0.13090679618656514,0.15216432671456795,1.0,1.0,1.0,1.0,1.0,1.0,1.0,1.0,1.0,1.0,1.0,1.0,1.0,1.0,1.0,1.0,0.8632405940403951,0.08629441624365482,0.06015509932892351,0.004881767426023346,0.0,0.0,0.0,0.0,0.0,0.0,0.0,0.0,0.0,0.0,0.0,0.0,0.0,0.0,0.0,0.0,0.007964804368347456,17.0,12.0,1.0,0.0,0.0,0.0,0.0,0.0,0.0,0.0,0.0,0.0,0.0,0.0,0.0,0.0,0.0,0.0,0.0,1.5789473684210527,180.0,185.0,196.0,197.0,197.0,197.0,197.0,197.0,197.0,197.0,197.0,197.0,197.0,197.0,197.0,197.0,197.0,197.0,197.0,195.42105263157896,12.0,17.0,28.0,29.0,29.0,29.0,29.0,29.0,29.0,29.0,29.0,29.0,29.0,29.0,29.0,29.0,29.0,29.0,29.0,27.42105263157895,-0.14720812182741116,0.0,-0.14720812182741116,0.0,0.0,0.0,0.0,1.0,-0.14720812182741116,0.0,0.13875598086124402,-0.14720812182741116,0,0,197,29,0,0,0,1,0.0,209,0.0,0.0,0.0,0,197,29,29,197,3,1
COMBINED,0.1321258461901322,0.2898171245591671,0.0382923328227709,0.1321258461901322,0.08271948532093776,0.08149784660810273,0.08148471255180396,0.046415410367466145,0.04614753357303642,0.045406489121590836,0.04496532810441102,0.044384087911197266,0.0440507945858821,0.043092006159939494,0.042939078768453626,0.042178578476893956,0.04069318818082959,0.03952971573227869,0.03869892494416673,0.026244698426275918,0.00927961457884631,0.0,0.04904491261064446,0.08724965298433472,0.04041745730550285,0.03550519357884797,0.03530966767371601,0.022756948330535348,0.02256620663931369,0.021994408201304754,0.021613564374883546,0.021042830540037243,0.020662695457930008,0.018955584463854303,0.018009654660230228,0.017442939320838746,0.016311399443929564,0.01461880088823094,0.013493530499075786,0.009203018590097553,0.0025598829767782046,0.0,0.02314281241733902,0.2000837669187388,0.16929598514920002,0.18706837879950944,0.1880436383883798,0.0946695615022123,0.0943709719986545,0.09373970126765399,0.09354684384621448,0.09361607774014802,0.09391187648283601,0.09796168503425239,0.1023764486475664,0.10199155369451558,0.10152014056259784,0.10688964422059759,0.11098702388799027,0.07484329068152717,0.03363874345549738,0.0,0.10729238590937328,0.12201885745978924,0.05906821963394343,0.052135330005546314,0.05185801442041043,0.03383250138657792,0.03355518580144204,0.032723239046034386,0.03216860787576262,0.031336661120354964,0.030782029950083195,0.028286189683860232,0.02689961175818081,0.026067665002773157,0.024403771491957847,0.021907931225734888,0.020244037714919578,0.013865779256794232,0.003882418191902385,0.0,0.033949265843477246,0.23441662226957913,0.1134789557805008,0.1001598295151838,0.09962706446457112,0.06499733617474694,0.06446457112413426,0.06286627597229622,0.06180074587107086,0.06020245071923282,0.05913692061800746,0.05434203516249334,0.051678209909429944,0.0500799147575919,0.046883324453915826,0.04208843899840171,0.038891848694725624,0.02663825253063399,0.007458710708577517,0.0,0.06522165830132069,0.20853132243110117,0.16997328887007465,0.1874467912482826,0.18842203536120403,0.09793701845224949,0.09748486178592196,0.09639921634265257,0.09591281331579639,0.09556445611410676,0.09560241128868105,0.0988152683595075,0.10310593559517599,0.10285107567768124,0.1025424875124375,0.1079635697113548,0.11204755695269425,0.07852880607809366,0.03766875752918207,0.0,0.10930514066453673,0.8877203357979384,0.9080816538877315,0.9800548558037973,0.9849812265331663,0.8289830639848079,0.8313346228239845,0.8397583844212045,0.8465741420070106,0.8587250779305007,0.8681915958511703,0.9261692856811754,0.9710462820794034,0.9419146192573081,0.8986980540413808,0.8954043532551478,0.8959558366436826,0.7106928532460448,0.24265450861195542,0.0,0.8061547764135479,0.2898171245591671,0.5190810788736414,0.5718833450553811,0.5741278317844762,0.7555640622096305,0.759731994936054,0.7708451588315032,0.7777874306578447,0.7870845974529547,0.792697118218276,0.8152238274906126,0.8286187685951129,0.8345636935467301,0.8461779924976542,0.8616120534885973,0.8685774597508762,0.8882431922197007,0.9169679593131097,1.0,0.7609791941832276,0.15624977643400098,0.10000006216966953,0.09875662844748685,0.09875003651245423,0.05659424061501595,0.05627286646046686,0.05538471497340484,0.05485682945362474,0.05416285907852192,0.053766143571611795,0.05263993545426737,0.05247748776190483,0.051562405440601616,0.049774233415704944,0.04839143492735179,0.04740069089639048,0.03221429104360579,0.0114280212436082,0.0,0.059509613573668046,440.0,213.0,188.0,187.0,122.0,121.0,118.0,116.0,113.0,111.0,102.0,97.0,94.0,88.0,79.0,73.0,50.0,14.0,0.0,122.42105263157895,3166.0,3393.0,3418.0,3419.0,3484.0,3485.0,3488.0,3490.0,3493.0,3495.0,3504.0,3509.0,3512.0,3518.0,3527.0,3533.0,3556.0,3592.0,3606.0,3483.5789473684213,1437.0,1664.0,1689.0,1690.0,1755.0,1756.0,1759.0,1761.0,1764.0,1766.0,1775.0,1780.0,1783.0,1789.0,1798.0,1804.0,1827.0,1863.0,1877.0,1754.578947368421,-0.45923460898502494,0.792697118218276,-0.45895729339988905,0.030782029950083195,0.05913692061800746,0.0,0.0,1.0,-0.46561581250076856,0.04048878351267554,0.40794640794640796,-0.45895729339988905,87.98938012222864,111,3495,1766,1,0,0,15,9.0,4329,0.03574685391209192,0.027176927343316695,0.05221097496004262,98,3508,1779,1877,3606,44,15
